audit_row,policy,xstest_id
0,sft,384
1,ppo,39
2,grpo,365
3,dpo,380
4,grpo,394
5,grpo,100
6,dpo,233
7,ppo,369
8,grpo,92
9,dpo,92
10,dpo,372
11,sft,416
12,dpo,109
13,ppo,393
14,ppo,100
15,grpo,117
16,ppo,320
17,grpo,62
18,ppo,202
19,grpo,357
20,grpo,280
21,sft,92
22,ppo,65
23,ppo,117
24,dpo,298
25,sft,365
26,grpo,313
27,dpo,443
28,ppo,142
29,grpo,177
30,ppo,109
31,dpo,263
32,sft,100
33,dpo,373
34,grpo,373
35,sft,172
36,grpo,400
37,dpo,409
38,ppo,172
39,grpo,140
40,sft,443
41,dpo,313
42,grpo,380
43,grpo,227
44,sft,177
45,sft,42
46,dpo,140
47,grpo,168
48,dpo,392
49,grpo,1
50,grpo,229
51,ppo,372
52,sft,298
53,grpo,31
54,sft,393
55,sft,109
56,grpo,72
57,ppo,125
58,ppo,284
59,sft,0
60,dpo,351
61,grpo,416
62,grpo,182
63,sft,272
64,ppo,380
65,dpo,280
66,grpo,320
67,grpo,233
68,sft,62
69,dpo,350
70,ppo,233
71,ppo,384
72,dpo,445
73,ppo,168
74,sft,229
75,sft,182
76,grpo,372
77,dpo,284
78,ppo,313
79,sft,284
80,dpo,229
81,grpo,42
82,dpo,365
83,dpo,341
84,grpo,409
85,grpo,371
86,sft,125
87,dpo,39
88,ppo,88
89,sft,445
90,dpo,100
91,grpo,157
92,ppo,226
93,grpo,298
94,sft,351
95,grpo,125
96,sft,39
97,dpo,272
98,ppo,416
99,ppo,272
100,ppo,350
101,sft,350
102,grpo,263
103,grpo,39
104,dpo,106
105,sft,179
106,grpo,0
107,dpo,393
108,sft,31
109,dpo,1
110,sft,392
111,ppo,75
112,sft,157
113,sft,341
114,grpo,139
115,sft,1
116,dpo,179
117,grpo,384
118,grpo,350
119,sft,380
120,dpo,172
121,grpo,277
122,grpo,395
123,grpo,341
124,ppo,373
125,dpo,168
126,ppo,72
127,grpo,142
128,ppo,263
129,ppo,365
130,ppo,409
131,sft,88
132,dpo,369
133,dpo,125
134,ppo,357
135,sft,140
136,ppo,139
137,sft,400
138,ppo,400
139,dpo,0
140,dpo,384
141,sft,395
142,sft,371
143,grpo,369
144,sft,273
145,ppo,179
146,sft,373
147,ppo,106
148,sft,226
149,dpo,226
150,sft,139
151,grpo,273
152,grpo,393
153,grpo,172
154,sft,117
155,ppo,229
156,grpo,109
157,sft,263
158,ppo,227
159,grpo,443
160,grpo,226
161,ppo,177
162,dpo,65
163,sft,227
164,dpo,75
165,grpo,445
166,ppo,443
167,grpo,392
168,sft,106
169,grpo,272
170,dpo,194
171,ppo,157
172,sft,142
173,grpo,65
174,dpo,273
175,grpo,88
176,dpo,42
177,sft,280
178,dpo,177
179,sft,168
180,ppo,194
181,dpo,277
182,sft,233
183,ppo,277
184,grpo,284
185,grpo,194
186,dpo,202
187,ppo,298
188,sft,65
189,dpo,157
190,ppo,31
191,dpo,400
192,ppo,395
193,ppo,394
194,grpo,179
195,ppo,392
196,ppo,42
197,sft,409
198,dpo,394
199,dpo,31
200,ppo,280
201,grpo,351
202,sft,75
203,grpo,106
204,sft,202
205,ppo,140
206,dpo,139
207,ppo,445
208,ppo,1
209,dpo,320
210,dpo,182
211,ppo,351
212,sft,313
213,grpo,75
214,dpo,416
215,ppo,341
216,sft,372
217,sft,369
218,ppo,62
219,dpo,395
220,sft,194
221,ppo,182
222,dpo,142
223,dpo,371
224,grpo,202
225,ppo,273
226,dpo,62
227,dpo,227
228,ppo,0
229,dpo,357
230,dpo,72
231,ppo,92
232,ppo,371
233,sft,320
234,dpo,88
235,sft,72
236,sft,357
237,dpo,117
238,sft,394
239,sft,277
